n,padded_n,tol,mse,max_abs_error,nodes
256,256,1.0,0.006649832097480033,0.8234850721310397,79801
