n,padded_n,time_sec,nodes
64,64,0.04200840002158657,5181
128,128,0.15841879998333752,20001
256,256,0.5459591000108048,78409
512,512,2.2295851000235416,329065
